Date,ticker,company,Open,High,Low,Close,Volume
2021-03-01 00:00:00-05:00,LMT,Lockheed Martin,293.3578092293746,328.7012684466431,292.1896596870263,324.5380554199219,47908300
2021-04-01 00:00:00-04:00,LMT,Lockheed Martin,324.0900371437249,346.35536855410703,323.5191367084014,334.2521667480469,27784600
2021-05-01 00:00:00-04:00,LMT,Lockheed Martin,333.5583578166464,348.68297401840636,332.93476040065576,335.69268798828125,25647900
2021-06-01 00:00:00-04:00,LMT,Lockheed Martin,339.755952033511,349.91599278856467,330.04686117821325,334.5565490722656,25986000
2021-07-01 00:00:00-04:00,LMT,Lockheed Martin,333.6369449043905,340.17157670862855,323.98975740796953,328.6497802734375,20627900
2021-08-01 00:00:00-04:00,LMT,Lockheed Martin,329.20679896027656,331.6296662458292,312.6447868279137,318.1536560058594,23647300
2021-09-01 00:00:00-04:00,LMT,Lockheed Martin,319.11901963630623,320.1967227867612,298.4560119205582,307.36248779296875,30204900
2021-10-01 00:00:00-04:00,LMT,Lockheed Martin,309.33074575507993,336.7537867615489,289.585108154138,295.9799499511719,33874800
2021-11-01 00:00:00-04:00,LMT,Lockheed Martin,294.33228513452156,310.0254899874406,288.7746533430837,296.8706359863281,33487500
2021-12-01 00:00:00-05:00,LMT,Lockheed Martin,300.8354840579337,321.337185734064,294.7289837018567,319.16400146484375,33234500
2022-01-01 00:00:00-05:00,LMT,Lockheed Martin,318.5083697147482,355.25520357827344,317.0266485101103,349.4450378417969,43289100
2022-02-01 00:00:00-05:00,LMT,Lockheed Martin,350.4238562219895,389.6491943013115,339.73746972929496,389.55938720703125,43090400
2022-03-01 00:00:00-05:00,LMT,Lockheed Martin,393.3265958208064,434.0065031883881,371.9513165407514,399.11346435546875,73002900
2022-04-01 00:00:00-04:00,LMT,Lockheed Martin,399.8549199269434,429.9466643309311,389.149206086425,390.7225036621094,32351000
2022-05-01 00:00:00-04:00,LMT,Lockheed Martin,388.44390845165907,410.5606089789289,377.31322061005244,397.947021484375,26365900
2022-06-01 00:00:00-04:00,LMT,Lockheed Martin,403.09228927848096,415.5027010916316,359.0826914681776,391.20050048828125,27065300
2022-07-01 00:00:00-04:00,LMT,Lockheed Martin,391.0003340523222,395.7497692164439,339.98488247718325,376.5063781738281,25167800
2022-08-01 00:00:00-04:00,LMT,Lockheed Martin,380.5370734740398,405.330578385793,379.08133026124614,382.2384948730469,24176000
2022-09-01 00:00:00-04:00,LMT,Lockheed Martin,383.06011503321315,397.30215774048435,349.45625867338,353.7975769042969,26713100
2022-10-01 00:00:00-04:00,LMT,Lockheed Martin,356.95734053750886,449.82818764641246,355.4553022849722,445.7433166503906,32646500
2022-11-01 00:00:00-04:00,LMT,Lockheed Martin,445.14803344717814,453.05213342428266,419.5215352934083,444.3786926269531,30772000
2022-12-01 00:00:00-05:00,LMT,Lockheed Martin,448.37542510918803,459.8308987984365,436.53292450059433,448.3477783203125,23687600
2023-01-01 00:00:00-05:00,LMT,Lockheed Martin,445.49084127030767,449.73939045476897,403.30932347299773,426.9390869140625,34505600
2023-02-01 00:00:00-05:00,LMT,Lockheed Martin,426.24780468637806,451.1216968033053,418.3312904402424,437.0765686035156,23119100
2023-03-01 00:00:00-05:00,LMT,Lockheed Martin,438.9103212168248,452.23707489582637,429.65489295186006,438.4095458984375,34410200
2023-04-01 00:00:00-04:00,LMT,Lockheed Martin,438.65990520594585,471.2116289905046,426.2327592178019,430.73065185546875,23176000
2023-05-01 00:00:00-04:00,LMT,Lockheed Martin,431.2778364581228,436.87930860680524,407.7775384285898,411.7746276855469,21556300
2023-06-01 00:00:00-04:00,LMT,Lockheed Martin,416.03531169498024,436.17419095323066,413.99995729655427,429.8346862792969,19691100
2023-07-01 00:00:00-04:00,LMT,Lockheed Martin,429.4799548112582,447.68617028695286,415.1297269669562,416.7542724609375,24012100
2023-08-01 00:00:00-04:00,LMT,Lockheed Martin,417.3704777204587,427.3045492791854,412.95429323535114,418.6029052734375,19349900
2023-09-01 00:00:00-04:00,LMT,Lockheed Martin,423.24878996785617,424.7244154994969,381.3299360221084,384.3751525878906,23738200
2023-10-01 00:00:00-04:00,LMT,Lockheed Martin,384.3751658150409,427.76964678572386,370.0983176412807,427.3091125488281,37177900
2023-11-01 00:00:00-04:00,LMT,Lockheed Martin,428.89749049738225,430.67388600846215,413.2484189721035,420.8520812988281,25202500
2023-12-01 00:00:00-05:00,LMT,Lockheed Martin,424.44862331501423,429.9293574571329,415.2762141888814,429.03009033203125,22110000
2024-01-01 00:00:00-05:00,LMT,Lockheed Martin,430.0334731450363,441.36409462159924,402.8381096928235,406.4729919433594,25136100
2024-02-01 00:00:00-05:00,LMT,Lockheed Martin,407.2492019715545,411.7833225100657,391.8104056991429,405.365478515625,22941300
2024-03-01 00:00:00-05:00,LMT,Lockheed Martin,408.01547298681163,435.86807557966796,404.2967118813728,433.732177734375,23629600
2024-04-01 00:00:00-04:00,LMT,Lockheed Martin,433.0361390248802,451.5346156687919,422.26123229507414,443.32470703125,24563500
2024-05-01 00:00:00-04:00,LMT,Lockheed Martin,441.1124793256953,450.3998808920766,430.80482282115133,448.4832763671875,18391600
2024-06-01 00:00:00-04:00,LMT,Lockheed Martin,444.3449710644885,453.58467890663763,433.3221668141046,445.39385986328125,21592800
2024-07-01 00:00:00-04:00,LMT,Lockheed Martin,451.91997863005935,525.0976784407202,437.84697334869537,520.2210693359375,22658700
2024-08-01 00:00:00-04:00,LMT,Lockheed Martin,522.2561093747705,546.3031308603258,515.248419908524,545.3527221679688,21051900
2024-09-01 00:00:00-04:00,LMT,Lockheed Martin,544.6136692932635,561.5281457084628,538.6043153271947,561.1537475585938,19549800
2024-10-01 00:00:00-04:00,LMT,Lockheed Martin,565.7883766158537,597.4795699350983,523.8455797903674,527.1083374023438,23435500
2024-11-01 00:00:00-04:00,LMT,Lockheed Martin,528.990698827845,556.4344975381225,497.038911936623,511.0455322265625,25487500
2024-12-01 00:00:00-05:00,LMT,Lockheed Martin,507.02989069715653,508.51644927094065,460.7528527192648,469.08349609375,26773700
2025-01-01 00:00:00-05:00,LMT,Lockheed Martin,472.0257960981224,494.95974283114543,436.53205914254283,449.694091796875,29013600
2025-02-01 00:00:00-05:00,LMT,Lockheed Martin,445.6628851854317,448.1204409515532,407.68248328059997,437.4742736816406,32404200
2025-03-01 00:00:00-05:00,LMT,Lockheed Martin,439.9026878418727,480.0492769345507,412.15074324608725,433.9190673828125,38547000
2025-04-01 00:00:00-04:00,LMT,Lockheed Martin,438.3843578296703,473.4061879919114,409.8893793487521,467.4958190917969,34643800
2025-05-01 00:00:00-04:00,LMT,Lockheed Martin,465.78333063826136,480.52988148745806,435.5074117577695,472.0263977050781,28067100
2025-06-01 00:00:00-04:00,LMT,Lockheed Martin,467.9948372121639,477.8193213558895,433.89283704440913,453.1993713378906,35443300
2025-07-01 00:00:00-04:00,LMT,Lockheed Martin,456.18318288516156,467.77004829691833,404.07187570337527,414.7818603515625,44385500
2025-08-01 00:00:00-04:00,LMT,Lockheed Martin,414.56506507632054,453.12878237762544,410.86041478400256,448.9216613769531,31969600
2025-09-01 00:00:00-04:00,LMT,Lockheed Martin,447.1185934133108,492.53002693543,440.1132898983398,491.8600158691406,28390900
2025-10-01 00:00:00-04:00,LMT,Lockheed Martin,492.43135874982516,512.1119258286612,476.25416152490925,488.1736755371094,30142100
2025-11-01 00:00:00-04:00,LMT,Lockheed Martin,487.30030781523567,487.8064746498137,445.1007075409735,454.4100036621094,24837400
2025-12-01 00:00:00-05:00,LMT,Lockheed Martin,449.8645183718427,487.9950356747316,433.95530618562213,480.0255432128906,29221300
2026-01-01 00:00:00-05:00,LMT,Lockheed Martin,483.25,645.6699829101562,476.5400085449219,634.219970703125,45160000
2026-02-01 00:00:00-05:00,LMT,Lockheed Martin,620.0,646.5900268554688,595.0,612.4400024414062,7891063
2021-03-01 00:00:00-05:00,RTX,RTX Corporation,65.94602110513115,71.82203965783353,65.25524819631467,69.31912231445312,166859100
2021-04-01 00:00:00-04:00,RTX,RTX Corporation,69.6241417883219,75.17720974684791,68.24260279523341,74.6748275756836,140898700
2021-05-01 00:00:00-04:00,RTX,RTX Corporation,75.1772144558919,79.68964026941511,73.68802058048256,79.58198547363281,132828300
2021-06-01 00:00:00-04:00,RTX,RTX Corporation,81.05392294269727,81.20735393315532,75.9367243326974,76.9926528930664,119732600
2021-07-01 00:00:00-04:00,RTX,RTX Corporation,77.09193228629464,80.73805127122375,71.94765942062597,78.47276306152344,102359700
2021-08-01 00:00:00-04:00,RTX,RTX Corporation,78.6442427479841,80.08824859233266,74.88080057958604,76.49628448486328,83124700
2021-09-01 00:00:00-04:00,RTX,RTX Corporation,77.30043416868273,80.32381435623688,74.013755920989,78.04492950439453,123761600
2021-10-01 00:00:00-04:00,RTX,RTX Corporation,78.80758621371687,83.81930967055233,78.20835471977283,80.67790222167969,94980700
2021-11-01 00:00:00-04:00,RTX,RTX Corporation,80.72329073039077,83.22914867452386,72.88792502950224,73.468994140625,100029400
2021-12-01 00:00:00-05:00,RTX,RTX Corporation,75.0141422340877,80.0461374499217,72.14654590367282,78.59407043457031,107255000
2022-01-01 00:00:00-05:00,RTX,RTX Corporation,78.61232910865482,84.45711321118928,77.44337368165272,82.36577606201172,122933500
2022-02-01 00:00:00-05:00,RTX,RTX Corporation,82.28360208627144,94.02796602602564,81.5256049547066,93.79051971435547,133374700
2022-03-01 00:00:00-05:00,RTX,RTX Corporation,94.37624626544974,95.81801606865434,86.38682249084692,90.97844696044922,162322000
2022-04-01 00:00:00-04:00,RTX,RTX Corporation,91.61207664573348,97.36078438712842,86.88270290464055,87.158203125,102815700
2022-05-01 00:00:00-04:00,RTX,RTX Corporation,86.79087268161855,90.17948619009684,81.20745661034978,87.3510513305664,119822000
2022-06-01 00:00:00-04:00,RTX,RTX Corporation,88.69511113866966,93.00930754941719,80.93509601185325,88.78749084472656,95271700
2022-07-01 00:00:00-04:00,RTX,RTX Corporation,88.73207964342961,89.90531691255008,82.26540043708637,86.10845184326172,89788000
2022-08-01 00:00:00-04:00,RTX,RTX Corporation,86.45948762705285,89.45264101746909,82.87510267512103,82.91205596923828,90899500
2022-09-01 00:00:00-04:00,RTX,RTX Corporation,83.07897895574412,83.40419442017846,74.5861658510711,76.06358337402344,121002500
2022-10-01 00:00:00-04:00,RTX,RTX Corporation,77.03926084594592,88.42185526976128,75.25520800562948,88.10592651367188,107044700
2022-11-01 00:00:00-04:00,RTX,RTX Corporation,88.57980151867163,91.84125762666756,86.21036105021324,91.7297592163086,89486200
2022-12-01 00:00:00-05:00,RTX,RTX Corporation,92.64148259705583,95.29585572076388,89.96841268755574,94.3238296508789,83642500
2023-01-01 00:00:00-05:00,RTX,RTX Corporation,94.38927269056012,97.15580568053981,87.23927669706151,93.32378387451172,103809500
2023-02-01 00:00:00-05:00,RTX,RTX Corporation,93.39855097633172,95.9407722501404,89.53849135632301,91.6788101196289,81307400
2023-03-01 00:00:00-05:00,RTX,RTX Corporation,92.1362364051165,94.06278537594945,89.0255600004751,92.0328598022461,112683900
2023-04-01 00:00:00-04:00,RTX,RTX Corporation,92.35238968754345,98.59254982490462,91.32803057496,93.88423919677734,75761700
2023-05-01 00:00:00-04:00,RTX,RTX Corporation,93.91244219319024,95.2751236118457,86.41297655053204,86.59153747558594,88216900
2023-06-01 00:00:00-04:00,RTX,RTX Corporation,87.25619241804263,95.19889028485686,87.22782679934669,92.62696838378906,100516800
2023-07-01 00:00:00-04:00,RTX,RTX Corporation,92.18256426092046,93.45906773635093,76.92123937109389,83.14302062988281,165747600
2023-08-01 00:00:00-04:00,RTX,RTX Corporation,82.40547477517545,83.40776508552624,79.74844887061343,81.35590362548828,126833900
2023-09-01 00:00:00-04:00,RTX,RTX Corporation,82.46635576916017,82.5425301071748,67.62221762635203,68.52677154541016,212348400
2023-10-01 00:00:00-04:00,RTX,RTX Corporation,68.30777296679247,77.6484424278739,65.27991200570399,77.49609375,279286500
2023-11-01 00:00:00-04:00,RTX,RTX Corporation,78.07688272016182,79.84789551911119,74.26825429478806,77.5817642211914,202459500
2023-12-01 00:00:00-05:00,RTX,RTX Corporation,78.15365867555992,81.15587672809824,76.41754525097706,80.70506286621094,146359300
2024-01-01 00:00:00-05:00,RTX,RTX Corporation,80.61874927082846,88.60868014040325,80.53241962170908,87.4001235961914,181132800
2024-02-01 00:00:00-05:00,RTX,RTX Corporation,87.9564339183367,89.02111983527088,85.2707455809887,86.00930786132812,130834400
2024-03-01 00:00:00-05:00,RTX,RTX Corporation,86.62381260603838,94.69531412637447,85.88038076368444,94.16429138183594,183472900
2024-04-01 00:00:00-04:00,RTX,RTX Corporation,94.09671211998409,100.30481691509209,93.68155087118744,98.0166015625,176000200
2024-05-01 00:00:00-04:00,RTX,RTX Corporation,97.82349951202012,104.15711498680116,97.1959291987439,104.08953094482422,137182400
2024-06-01 00:00:00-04:00,RTX,RTX Corporation,104.16210989714342,105.5316451389716,97.1590445115102,97.50871276855469,130636300
2024-07-01 00:00:00-04:00,RTX,RTX Corporation,97.98464258747383,114.82697146791249,96.22659373049886,114.117919921875,141280900
2024-08-01 00:00:00-04:00,RTX,RTX Corporation,114.34132252706554,120.14968655274282,110.349282937348,119.80001831054688,117752800
2024-09-01 00:00:00-04:00,RTX,RTX Corporation,120.22626460374374,120.7535736640764,114.50399390652525,118.31233215332031,117594200
2024-10-01 00:00:00-04:00,RTX,RTX Corporation,118.3318685412138,125.67512033158118,117.31631109519134,118.14633178710938,97957100
2024-11-01 00:00:00-04:00,RTX,RTX Corporation,118.64434519280519,122.58939262655889,114.37705207050901,118.96659088134766,103779000
2024-12-01 00:00:00-05:00,RTX,RTX Corporation,119.60019979456851,119.75726748882636,112.12948174683362,113.6020278930664,90634900
2025-01-01 00:00:00-05:00,RTX,RTX Corporation,114.8291438389919,130.00617695874996,111.64844642209756,126.58987426757812,93787700
2025-02-01 00:00:00-05:00,RTX,RTX Corporation,126.14811213367979,130.65409947006427,119.1584241580538,130.55593872070312,96375100
2025-03-01 00:00:00-05:00,RTX,RTX Corporation,132.54869301134536,134.3542934097894,124.28043550309405,130.6937713623047,112768500
2025-04-01 00:00:00-04:00,RTX,RTX Corporation,130.51615461620688,131.9270945800194,110.7729692761445,124.44815826416016,136168000
2025-05-01 00:00:00-04:00,RTX,RTX Corporation,124.71455568290006,136.96895035078197,123.75748867505597,134.66014099121094,102172600
2025-06-01 00:00:00-04:00,RTX,RTX Corporation,135.28711923779954,148.02048779734076,134.30533509326455,144.80740356445312,132151900
2025-07-01 00:00:00-04:00,RTX,RTX Corporation,144.44046447699495,157.47134463217813,141.47530418634813,156.26148986816406,104958200
2025-08-01 00:00:00-04:00,RTX,RTX Corporation,154.99211395270012,159.9208427813847,151.3922688594591,157.28294372558594,80468600
2025-09-01 00:00:00-04:00,RTX,RTX Corporation,157.5772023558836,167.61752169166365,150.0170859722689,166.6712646484375,91291300
2025-10-01 00:00:00-04:00,RTX,RTX Corporation,165.2170034982264,180.59622223861516,155.02728088619187,177.7972869873047,119274100
2025-11-01 00:00:00-04:00,RTX,RTX Corporation,177.78732841558895,179.29137839615134,167.95617416507142,174.22142028808594,77781700
2025-12-01 00:00:00-05:00,RTX,RTX Corporation,173.6999969482422,188.0,166.74000549316406,183.39999389648438,96192400
2026-01-01 00:00:00-05:00,RTX,RTX Corporation,183.5,205.36000061035156,182.1699981689453,200.92999267578125,123741400
2026-02-01 00:00:00-05:00,RTX,RTX Corporation,199.99000549316406,206.47999572753906,194.3300018310547,197.0399932861328,29404181
2021-03-01 00:00:00-05:00,GD,General Dynamics,148.00275004462668,165.3773715336857,146.3164113006656,162.85684204101562,27959500
2021-04-01 00:00:00-04:00,GD,General Dynamics,162.919638224217,171.73701585459315,161.32300358585042,170.6337127685547,23118700
2021-05-01 00:00:00-04:00,GD,General Dynamics,172.42581628070295,178.31206370459668,167.30694076642646,171.45079040527344,21350000
2021-06-01 00:00:00-04:00,GD,General Dynamics,172.66051302715303,175.3869730900409,166.59369546736377,169.9611358642578,23582600
2021-07-01 00:00:00-04:00,GD,General Dynamics,169.56392510329906,180.5148811884045,164.90547317924867,176.9759063720703,19024800
2021-08-01 00:00:00-04:00,GD,General Dynamics,178.8013136070875,182.75346840970386,175.6759226223462,181.99029541015625,15101600
2021-09-01 00:00:00-04:00,GD,General Dynamics,182.61717571589742,187.57782748443606,173.25009792590643,178.10171508789062,21081700
2021-10-01 00:00:00-04:00,GD,General Dynamics,179.2282953993182,190.9848449497154,176.31186604317458,184.2071075439453,18936900
2021-11-01 00:00:00-04:00,GD,General Dynamics,185.36812598986387,186.30954379859367,172.41676246007373,172.7183837890625,18953200
2021-12-01 00:00:00-05:00,GD,General Dynamics,175.48780241086962,191.45536554803837,173.13881836135405,190.54136657714844,22687300
2022-01-01 00:00:00-05:00,GD,General Dynamics,191.02574433176648,196.23553456969358,183.39384896765708,193.85914611816406,24893200
2022-02-01 00:00:00-05:00,GD,General Dynamics,195.03657270603392,215.99342459225744,191.03822088965043,215.4970703125,28155300
2022-03-01 00:00:00-05:00,GD,General Dynamics,216.0025818089517,234.37659371064774,206.24110791911784,221.6829833984375,44693700
2022-04-01 00:00:00-04:00,GD,General Dynamics,221.6738066986253,229.5050535141679,215.86472302285446,217.40890502929688,24768200
2022-05-01 00:00:00-04:00,GD,General Dynamics,218.55269750397466,225.5935400881002,194.21465462738252,207.8158721923828,35855500
2022-06-01 00:00:00-04:00,GD,General Dynamics,209.83016743259452,217.89665955681838,192.3019689362854,204.4340362548828,28056400
2022-07-01 00:00:00-04:00,GD,General Dynamics,205.60622578759634,211.37739227444263,192.76280020570107,210.6525115966797,19256500
2022-08-01 00:00:00-04:00,GD,General Dynamics,210.54099837064692,226.83225149230847,208.05967383935075,212.7528076171875,21461300
2022-09-01 00:00:00-04:00,GD,General Dynamics,212.6320282852107,220.63360988004052,197.04706335844725,197.1771697998047,23503300
2022-10-01 00:00:00-04:00,GD,General Dynamics,199.704917739312,234.38772761358413,199.1566131627398,232.1480255126953,23417900
2022-11-01 00:00:00-04:00,GD,General Dynamics,234.14657177971148,237.74450491360085,226.44603689976663,235.86610412597656,21078700
2022-12-01 00:00:00-05:00,GD,General Dynamics,236.6137023328036,240.04341217717686,226.08154304333632,231.8662872314453,17726000
2023-01-01 00:00:00-05:00,GD,General Dynamics,231.62336349195292,235.4455893750394,205.9050830968414,217.80165100097656,26090300
2023-02-01 00:00:00-05:00,GD,General Dynamics,217.21821346601428,223.3814962031596,213.79834246742678,214.12718200683594,19489700
2023-03-01 00:00:00-05:00,GD,General Dynamics,213.46011277490385,219.6421900274664,199.90277164247857,214.40904235839844,29770600
2023-04-01 00:00:00-04:00,GD,General Dynamics,214.87881120234474,219.238207483919,197.4036370405075,205.13592529296875,23473600
2023-05-01 00:00:00-04:00,GD,General Dynamics,206.049963985778,208.28953014816435,191.21399168361643,192.94326782226562,28691600
2023-06-01 00:00:00-04:00,GD,General Dynamics,194.06773930774506,205.8136788159138,192.74479215385176,203.30950927734375,20732100
2023-07-01 00:00:00-04:00,GD,General Dynamics,202.65752932657423,213.03325783770984,200.27620962238007,211.27561950683594,26987700
2023-08-01 00:00:00-04:00,GD,General Dynamics,212.37041017957026,217.47619484371367,210.3357014272342,215.48902893066406,21487300
2023-09-01 00:00:00-04:00,GD,General Dynamics,216.63950743944184,216.72507584755996,204.0414236269336,210.09800720214844,19315700
2023-10-01 00:00:00-04:00,GD,General Dynamics,210.60190596068466,233.00272036370464,203.97483805265588,229.43722534179688,33863800
2023-11-01 00:00:00-04:00,GD,General Dynamics,231.48647196558187,238.07713994308077,227.9567792106004,236.2405548095703,21517900
2023-12-01 00:00:00-05:00,GD,General Dynamics,236.35535226820906,248.58970825166435,236.08751783097478,248.3888397216797,19760700
2024-01-01 00:00:00-05:00,GD,General Dynamics,248.3888074857922,257.79173626472846,236.6135956949418,253.4776611328125,29839000
2024-02-01 00:00:00-05:00,GD,General Dynamics,255.45793685387935,264.4299939641523,252.42879715733648,262.766357421875,18388700
2024-03-01 00:00:00-05:00,GD,General Dynamics,262.8144702132747,273.8251874709938,260.0545862764716,271.6518859863281,16190700
2024-04-01 00:00:00-04:00,GD,General Dynamics,276.6716477035681,285.12441687975326,263.7953865995532,276.075439453125,28592100
2024-05-01 00:00:00-04:00,GD,General Dynamics,276.9408394617368,291.3397000332174,273.0077567405656,289.68719482421875,19676800
2024-06-01 00:00:00-04:00,GD,General Dynamics,290.7695253485981,292.5669497611732,278.75758820196955,280.381103515625,18034500
2024-07-01 00:00:00-04:00,GD,General Dynamics,281.550470047195,289.8708591738408,267.48019693708704,288.66290283203125,26199100
2024-08-01 00:00:00-04:00,GD,General Dynamics,291.3617899025305,292.2844474260968,274.190875530933,290.7402038574219,21085800
2024-09-01 00:00:00-04:00,GD,General Dynamics,290.39054258070445,301.04467169973776,283.82518169879575,293.4984130859375,28636300
2024-10-01 00:00:00-04:00,GD,General Dynamics,289.06971747952616,304.09424321693734,282.9219679776219,283.21331787109375,24521300
2024-11-01 00:00:00-04:00,GD,General Dynamics,285.8957901318599,309.2585226324648,271.4136335155162,277.16162109375,25387100
2024-12-01 00:00:00-05:00,GD,General Dynamics,276.0783479197135,276.3223196004099,251.05662783397372,257.1363830566406,36894900
2025-01-01 00:00:00-05:00,GD,General Dynamics,258.51239256630436,267.5393449495979,241.05377930927654,250.78338623046875,35515000
2025-02-01 00:00:00-05:00,GD,General Dynamics,251.15365213610357,254.32251563476,235.329005123246,247.81802368164062,31953300
2025-03-01 00:00:00-05:00,GD,General Dynamics,250.33934116094832,273.96348129026507,245.6694587401236,267.41973876953125,34345500
2025-04-01 00:00:00-04:00,GD,General Dynamics,267.41975867134266,275.6116903138163,234.671687611688,266.9684753417969,37811900
2025-05-01 00:00:00-04:00,GD,General Dynamics,267.8481074843476,279.0943476989986,263.3792055790791,274.73394775390625,23283400
2025-06-01 00:00:00-04:00,GD,General Dynamics,274.092733712301,289.1863987708265,264.4841079389826,287.7263488769531,23525000
2025-07-01 00:00:00-04:00,GD,General Dynamics,287.69674945471274,318.1503965493129,285.49681494429535,307.4072570800781,28756400
2025-08-01 00:00:00-04:00,GD,General Dynamics,307.0406445185058,323.2726934467106,303.4511542687283,321.8349304199219,18437000
2025-09-01 00:00:00-04:00,GD,General Dynamics,321.6465519540056,338.1463159335821,316.12348140950405,338.1264953613281,23630400
2025-10-01 00:00:00-04:00,GD,General Dynamics,335.05260879298027,357.4621712093676,324.57167185036127,341.9936218261719,24742900
2025-11-01 00:00:00-04:00,GD,General Dynamics,342.60046529859403,352.30082921225863,332.98973158038433,340.2401123046875,20048400
2025-12-01 00:00:00-05:00,GD,General Dynamics,338.24823159098236,346.02645443626875,330.7289302768856,335.2903137207031,24766800
2026-01-01 00:00:00-05:00,GD,General Dynamics,335.1708285002538,368.195923937063,332.9200133628848,349.66162109375,32200800
2026-02-01 00:00:00-05:00,GD,General Dynamics,349.2900085449219,357.2300109863281,344.0199890136719,353.8550109863281,5714474
2021-03-01 00:00:00-05:00,NOC,Northrop Grumman,270.715598401166,301.80787711639584,270.715598401166,299.4852294921875,25661100
2021-04-01 00:00:00-04:00,NOC,Northrop Grumman,298.93001580606426,330.24437431455874,297.3291236632701,327.9864807128906,19791800
2021-05-01 00:00:00-04:00,NOC,Northrop Grumman,325.7656251835256,350.3525610301158,325.7656251835256,338.56341552734375,16901800
2021-06-01 00:00:00-04:00,NOC,Northrop Grumman,343.11743043628394,352.23389526419794,334.5492512558282,337.73675537109375,20725000
2021-07-01 00:00:00-04:00,NOC,Northrop Grumman,338.75900075615283,347.54093009833997,325.8509900013574,337.3557434082031,13120800
2021-08-01 00:00:00-04:00,NOC,Northrop Grumman,338.09919304199036,345.47786481415204,331.30598698969925,341.70489501953125,11496800
2021-09-01 00:00:00-04:00,NOC,Northrop Grumman,343.3512533459986,343.8272162887946,321.88538443812797,336.12750244140625,15838300
2021-10-01 00:00:00-04:00,NOC,Northrop Grumman,337.6021612575298,380.8138812430587,328.5211543234161,333.3929748535156,16200800
2021-11-01 00:00:00-04:00,NOC,Northrop Grumman,333.1877308832477,343.73399780691057,322.8281066635822,325.53466796875,16521100
2021-12-01 00:00:00-05:00,NOC,Northrop Grumman,327.72379736740544,363.89695770398384,324.2461573444105,362.828369140625,15029900
2022-01-01 00:00:00-05:00,NOC,Northrop Grumman,362.7158086868296,383.3567128615419,343.9027612458084,346.7336120605469,18467000
2022-02-01 00:00:00-05:00,NOC,Northrop Grumman,346.72424204990466,415.1991958097273,341.7842775869614,414.4493103027344,20141400
2022-03-01 00:00:00-05:00,NOC,Northrop Grumman,418.16220508791747,461.9143041577784,391.71711223118945,420.88201904296875,29339600
2022-04-01 00:00:00-04:00,NOC,Northrop Grumman,420.27969618480097,449.152890717358,406.92540967771345,413.5225524902344,15160200
2022-05-01 00:00:00-04:00,NOC,Northrop Grumman,411.3767509213028,448.42813465119644,406.48301099599007,440.409912109375,17681700
2022-06-01 00:00:00-04:00,NOC,Northrop Grumman,441.8666192016726,465.028286388399,411.9132506187202,452.05889892578125,18067400
2022-07-01 00:00:00-04:00,NOC,Northrop Grumman,452.05877701482234,460.871912511978,409.83500088677,452.3704833984375,15275200
2022-08-01 00:00:00-04:00,NOC,Northrop Grumman,454.703627614815,469.65671207992415,439.9772675150028,451.5108642578125,14459100
2022-09-01 00:00:00-04:00,NOC,Northrop Grumman,451.1719366585594,488.6432082476739,440.10023943548015,445.82568359375,17957600
2022-10-01 00:00:00-04:00,NOC,Northrop Grumman,451.6268777892443,527.2993259199658,438.99109160774333,520.4174194335938,22886100
2022-11-01 00:00:00-04:00,NOC,Northrop Grumman,520.9955649679223,521.460036314043,453.5416028842551,505.5160217285156,21349000
2022-12-01 00:00:00-05:00,NOC,Northrop Grumman,508.4608998165789,522.9647133533381,496.077953224696,518.9131469726562,13171900
2023-01-01 00:00:00-05:00,NOC,Northrop Grumman,518.2568506406478,520.9959358406894,409.8539519281661,426.11724853515625,29611900
2023-02-01 00:00:00-05:00,NOC,Northrop Grumman,423.65403435612177,458.73898255701715,414.6664135535374,441.4009704589844,19260900
2023-03-01 00:00:00-05:00,NOC,Northrop Grumman,440.967485582715,454.33100438663115,419.8722107876442,440.7288513183594,20521100
2023-04-01 00:00:00-04:00,NOC,Northrop Grumman,442.2369642448921,461.4231630679637,422.8598755069089,440.29925537109375,13870000
2023-05-01 00:00:00-04:00,NOC,Northrop Grumman,440.9483526769832,444.84285058897467,409.59180825874796,415.6912841796875,14513700
2023-06-01 00:00:00-04:00,NOC,Northrop Grumman,418.7193258442764,443.5106088614571,415.6132366879606,436.9628601074219,14279300
2023-07-01 00:00:00-04:00,NOC,Northrop Grumman,434.38401053971455,442.9066216972437,413.77255520099,426.60919189453125,15692000
2023-08-01 00:00:00-04:00,NOC,Northrop Grumman,427.4624613535651,431.0766458612193,404.3009320695798,415.1914367675781,15379200
2023-09-01 00:00:00-04:00,NOC,Northrop Grumman,419.0562381370438,427.3655102493197,401.22444915401337,423.8319091796875,13868200
2023-10-01 00:00:00-04:00,NOC,Northrop Grumman,424.0437383466919,478.4248713848953,399.1543554233434,453.9109802246094,23613600
2023-11-01 00:00:00-04:00,NOC,Northrop Grumman,457.107552047223,459.2739385498165,440.1712273151897,457.5023193359375,15106300
2023-12-01 00:00:00-05:00,NOC,Northrop Grumman,460.5132584184641,470.1896328563731,439.83611355714714,452.5382080078125,12731400
2024-01-01 00:00:00-05:00,NOC,Northrop Grumman,453.55322230668924,467.70529703658354,411.80262089403465,431.8707580566406,22418600
2024-02-01 00:00:00-05:00,NOC,Northrop Grumman,431.88039955468935,450.22786005986876,425.56802730220113,445.6554870605469,20489500
2024-03-01 00:00:00-05:00,NOC,Northrop Grumman,447.46694170272986,466.6371631748099,439.8376930973244,464.6085205078125,15073000
2024-04-01 00:00:00-04:00,NOC,Northrop Grumman,464.34641242313944,476.1979677530501,433.1207808978861,470.7914733886719,25404000
2024-05-01 00:00:00-04:00,NOC,Northrop Grumman,470.8788294493416,475.87764030450336,431.7715729909598,437.5372009277344,20895500
2024-06-01 00:00:00-04:00,NOC,Northrop Grumman,437.94429766244406,442.03903938372196,408.1110433942001,425.02630615234375,19619500
2024-07-01 00:00:00-04:00,NOC,Northrop Grumman,426.63496765679037,477.11750375448923,412.098567196499,472.1842956542969,18855000
2024-08-01 00:00:00-04:00,NOC,Northrop Grumman,473.6272660215111,510.49961497166584,468.6355629537242,510.09991455078125,14361800
2024-09-01 00:00:00-04:00,NOC,Northrop Grumman,509.55383977959116,521.2141167041914,495.3976523497374,514.8380126953125,11399200
2024-10-01 00:00:00-04:00,NOC,Northrop Grumman,516.9807344990145,543.789985298448,491.2090354830793,498.22698974609375,15428400
2024-11-01 00:00:00-04:00,NOC,Northrop Grumman,503.0035772170265,528.3152419779825,468.2758644363729,479.2677307128906,15256800
2024-12-01 00:00:00-05:00,NOC,Northrop Grumman,476.67392577366115,478.8076951102576,452.99683454528423,459.3394470214844,15438600
2025-01-01 00:00:00-05:00,NOC,Northrop Grumman,463.93395918565784,499.00498773800393,443.11547137679753,478.9531555175781,17416200
2025-02-01 00:00:00-05:00,NOC,Northrop Grumman,480.07372139666467,484.9097290279104,418.96483852828436,453.8589172363281,20686400
2025-03-01 00:00:00-05:00,NOC,Northrop Grumman,458.40004529804634,510.0334799098148,455.23503379934715,503.2709045410156,22806400
2025-04-01 00:00:00-04:00,NOC,Northrop Grumman,508.0242255006066,537.8615731782407,444.42989246799146,480.3393249511719,30688300
2025-05-01 00:00:00-04:00,NOC,Northrop Grumman,479.02615384818984,492.2169575279403,447.27340236801496,478.6311950683594,20982900
2025-06-01 00:00:00-04:00,NOC,Northrop Grumman,475.03731753947557,512.8523015943528,466.0426644159966,493.64862060546875,16315300
2025-07-01 00:00:00-04:00,NOC,Northrop Grumman,495.9823985699009,572.7979052223552,485.63514825632376,572.0339965820312,17426900
2025-08-01 00:00:00-04:00,NOC,Northrop Grumman,572.5598922818822,596.2205969736685,568.4031412585214,585.3574829101562,14992900
2025-09-01 00:00:00-04:00,NOC,Northrop Grumman,587.1828969620316,605.2781362301666,561.0122414893411,604.4844970703125,15849100
2025-10-01 00:00:00-04:00,NOC,Northrop Grumman,604.7687934156413,638.3128901642249,569.0535648011167,581.0947875976562,17656200
2025-11-01 00:00:00-04:00,NOC,Northrop Grumman,578.0969443574398,580.2481983535386,551.1362103417925,569.9400024414062,13779900
2025-12-01 00:00:00-05:00,NOC,Northrop Grumman,565.4382338007177,584.9192738253187,541.4653894958612,567.9082641601562,13904400
2026-01-01 00:00:00-05:00,NOC,Northrop Grumman,569.5900268554688,705.4500122070312,564.5,692.260009765625,23819900
2026-02-01 00:00:00-05:00,NOC,Northrop Grumman,685.0,709.3900146484375,675.4000244140625,695.010009765625,4311817
2021-03-01 00:00:00-05:00,BA,Boeing,219.60000610351562,278.57000732421875,213.8000030517578,254.72000122070312,518525300
2021-04-01 00:00:00-04:00,BA,Boeing,256.6700134277344,260.4800109863281,230.22000122070312,234.30999755859375,260859300
2021-05-01 00:00:00-04:00,BA,Boeing,234.11000061035156,252.60000610351562,219.07000732421875,247.02000427246094,258429700
2021-06-01 00:00:00-04:00,BA,Boeing,253.0,258.3999938964844,235.66000366210938,239.55999755859375,263280000
2021-07-01 00:00:00-04:00,BA,Boeing,240.36000061035156,241.8000030517578,204.8000030517578,226.47999572753906,272388100
2021-08-01 00:00:00-04:00,BA,Boeing,227.19000244140625,241.14999389648438,210.94000244140625,219.5,187951900
2021-09-01 00:00:00-04:00,BA,Boeing,220.0,229.94000244140625,206.52999877929688,219.94000244140625,194135500
2021-10-01 00:00:00-04:00,BA,Boeing,222.85000610351562,232.10000610351562,204.60000610351562,207.02999877929688,171554300
2021-11-01 00:00:00-04:00,BA,Boeing,207.0,233.94000244140625,193.85000610351562,197.85000610351562,222628900
2021-12-01 00:00:00-05:00,BA,Boeing,200.80999755859375,212.67999267578125,185.25999450683594,201.32000732421875,212678500
2022-01-01 00:00:00-05:00,BA,Boeing,204.0,229.6699981689453,183.77000427246094,200.24000549316406,219087100
2022-02-01 00:00:00-05:00,BA,Boeing,202.47999572753906,223.22999572753906,186.8800048828125,205.33999633789062,167301100
2022-03-01 00:00:00-05:00,BA,Boeing,203.11000061035156,203.5,167.5800018310547,191.5,243634200
2022-04-01 00:00:00-04:00,BA,Boeing,192.5800018310547,192.6199951171875,146.0,148.83999633789062,182424500
2022-05-01 00:00:00-04:00,BA,Boeing,148.02000427246094,157.99000549316406,117.08000183105469,131.39999389648438,229236700
2022-06-01 00:00:00-04:00,BA,Boeing,133.0,147.17999267578125,113.0199966430664,136.72000122070312,239311400
2022-07-01 00:00:00-04:00,BA,Boeing,135.8800048828125,163.33999633789062,131.2899932861328,159.30999755859375,183896900
2022-08-01 00:00:00-04:00,BA,Boeing,165.9499969482422,173.85000610351562,157.91000366210938,160.25,144159200
2022-09-01 00:00:00-04:00,BA,Boeing,158.0,160.97000122070312,120.98999786376953,121.08000183105469,151513600
2022-10-01 00:00:00-04:00,BA,Boeing,122.0,150.13999938964844,121.0199966430664,142.50999450683594,167018800
2022-11-01 00:00:00-04:00,BA,Boeing,143.99000549316406,179.97999572753906,141.5399932861328,178.8800048828125,162162800
2022-12-01 00:00:00-05:00,BA,Boeing,178.8800048828125,196.39999389648438,172.85000610351562,190.49000549316406,141664400
2023-01-01 00:00:00-05:00,BA,Boeing,192.9499969482422,216.63999938964844,192.39999389648438,213.0,148282600
2023-02-01 00:00:00-05:00,BA,Boeing,212.11000061035156,221.3300018310547,197.36000061035156,201.5500030517578,104439200
2023-03-01 00:00:00-05:00,BA,Boeing,201.47000122070312,216.1199951171875,192.41000366210938,212.42999267578125,138812800
2023-04-01 00:00:00-04:00,BA,Boeing,212.8000030517578,218.57000732421875,198.14999389648438,206.77999877929688,110192000
2023-05-01 00:00:00-04:00,BA,Boeing,206.25,208.5800018310547,193.27000427246094,205.6999969482422,96903100
2023-06-01 00:00:00-04:00,BA,Boeing,206.4600067138672,223.91000366210938,200.61000061035156,211.16000366210938,130163000
2023-07-01 00:00:00-04:00,BA,Boeing,210.5,240.1300048828125,207.88999938964844,238.85000610351562,125764100
2023-08-01 00:00:00-04:00,BA,Boeing,237.5500030517578,243.10000610351562,212.8800048828125,224.02999877929688,103489700
2023-09-01 00:00:00-04:00,BA,Boeing,226.0,226.22999572753906,190.02999877929688,191.67999267578125,87433600
2023-10-01 00:00:00-04:00,BA,Boeing,191.47000122070312,199.6199951171875,176.25,186.82000732421875,132944000
2023-11-01 00:00:00-04:00,BA,Boeing,189.69000244140625,233.0,187.5,231.6300048828125,119256700
2023-12-01 00:00:00-05:00,BA,Boeing,231.77000427246094,267.5400085449219,230.0,260.6600036621094,120216100
2024-01-01 00:00:00-05:00,BA,Boeing,257.2799987792969,258.5899963378906,198.32000732421875,211.0399932861328,319541900
2024-02-01 00:00:00-05:00,BA,Boeing,213.83999633789062,214.6300048828125,197.14999389648438,203.72000122070312,129650600
2024-03-01 00:00:00-05:00,BA,Boeing,204.0,205.05999755859375,177.52000427246094,192.99000549316406,186407500
2024-04-01 00:00:00-04:00,BA,Boeing,192.24000549316406,192.8699951171875,159.6999969482422,167.83999633789062,170817200
2024-05-01 00:00:00-04:00,BA,Boeing,167.5,188.6300048828125,167.5,177.61000061035156,138437200
2024-06-01 00:00:00-04:00,BA,Boeing,178.08999633789062,192.6300048828125,172.0500030517578,182.00999450683594,115888900
2024-07-01 00:00:00-04:00,BA,Boeing,182.1999969482422,196.9499969482422,177.22999572753906,190.60000610351562,129529100
2024-08-01 00:00:00-04:00,BA,Boeing,190.0,191.1699981689453,162.5,173.74000549316406,128582400
2024-09-01 00:00:00-04:00,BA,Boeing,167.02999877929688,169.60000610351562,151.24000549316406,152.0399932861328,191872500
2024-10-01 00:00:00-04:00,BA,Boeing,151.4600067138672,163.44000244140625,146.02000427246094,149.30999755859375,339046200
2024-11-01 00:00:00-04:00,BA,Boeing,152.77999877929688,157.66000366210938,137.02999877929688,155.44000244140625,269602800
2024-12-01 00:00:00-05:00,BA,Boeing,155.91000366210938,182.57000732421875,153.3699951171875,177.0,238381100
2025-01-01 00:00:00-05:00,BA,Boeing,178.30999755859375,188.47999572753906,164.6199951171875,176.52000427246094,175217100
2025-02-01 00:00:00-05:00,BA,Boeing,174.11000061035156,188.66000366210938,171.8300018310547,174.6300048828125,121335700
2025-03-01 00:00:00-05:00,BA,Boeing,177.02000427246094,184.39999389648438,145.4499969482422,170.5500030517578,188452100
2025-04-01 00:00:00-04:00,BA,Boeing,170.0,184.52999877929688,128.8800048828125,183.24000549316406,228527900
2025-05-01 00:00:00-04:00,BA,Boeing,182.85000610351562,212.27999877929688,182.02999877929688,207.32000732421875,175573200
2025-06-01 00:00:00-04:00,BA,Boeing,210.97999572753906,218.8000030517578,195.27999877929688,209.52999877929688,183776400
2025-07-01 00:00:00-04:00,BA,Boeing,209.5,242.69000244140625,206.77000427246094,221.83999633789062,169641800
2025-08-01 00:00:00-04:00,BA,Boeing,219.4499969482422,238.0500030517578,215.89999389648438,234.67999267578125,127250700
2025-09-01 00:00:00-04:00,BA,Boeing,231.27999877929688,238.3300018310547,211.42999267578125,215.8300018310547,172423800
2025-10-01 00:00:00-04:00,BA,Boeing,214.00999450683594,226.19000244140625,198.3000030517578,201.02000427246094,187052400
2025-11-01 00:00:00-04:00,BA,Boeing,202.0399932861328,205.66000366210938,176.77000427246094,189.0,157595500
2025-12-01 00:00:00-05:00,BA,Boeing,188.9600067138672,221.8800048828125,186.41000366210938,217.1199951171875,180768400
2026-01-01 00:00:00-05:00,BA,Boeing,218.14999389648438,254.35000610351562,215.24000549316406,233.72000122070312,182571500
2026-02-01 00:00:00-05:00,BA,Boeing,232.63999938964844,240.32919311523438,228.9600067138672,238.5800018310547,25896110
2021-03-01 00:00:00-05:00,LHX,L3Harris Technologies,167.50900729086663,184.5073793062732,164.6006756375225,183.06224060058594,27596400
2021-04-01 00:00:00-04:00,LHX,L3Harris Technologies,184.18135584069674,193.41630153287275,182.5740897370499,189.992919921875,20154700
2021-05-01 00:00:00-04:00,LHX,L3Harris Technologies,189.3845143510872,201.12570778179935,188.69439547751855,198.0110626220703,21397300
2021-06-01 00:00:00-04:00,LHX,L3Harris Technologies,200.2334538843781,204.9044825952512,196.246670428912,197.19546508789062,25438000
2021-07-01 00:00:00-04:00,LHX,L3Harris Technologies,197.131629726173,209.83096285083218,196.6572253906207,206.85684204101562,18930000
2021-08-01 00:00:00-04:00,LHX,L3Harris Technologies,208.00635026534422,214.48374656558084,205.72557888085578,212.57701110839844,18569600
2021-09-01 00:00:00-04:00,LHX,L3Harris Technologies,212.96931999858774,213.70828773098194,197.98921458458062,200.92684936523438,23973900
2021-10-01 00:00:00-04:00,LHX,L3Harris Technologies,202.82857186492305,225.48928827482754,198.27443487840443,211.2495880126953,24367900
2021-11-01 00:00:00-04:00,LHX,L3Harris Technologies,210.68146231056292,211.24042117287453,191.29202011530717,191.5852508544922,24429600
2021-12-01 00:00:00-05:00,LHX,L3Harris Technologies,194.36001006424394,202.08359424507213,184.76766931613608,196.3024139404297,25777100
2022-01-01 00:00:00-05:00,LHX,L3Harris Technologies,196.51415969689867,213.70120696692558,191.2945273397449,192.66616821289062,37275100
2022-02-01 00:00:00-05:00,LHX,L3Harris Technologies,190.92628599294787,232.30593468430504,189.67430974837688,232.26910400390625,29186300
2022-03-01 00:00:00-05:00,LHX,L3Harris Technologies,232.54526076822472,257.49270711863335,221.01051619549648,228.73410034179688,39032400
2022-04-01 00:00:00-04:00,LHX,L3Harris Technologies,230.38829139988917,244.75692537616098,213.9762345615884,214.75291442871094,20367700
2022-05-01 00:00:00-04:00,LHX,L3Harris Technologies,213.06083584747682,225.95008059115398,210.24998860058435,222.74163818359375,22970400
2022-06-01 00:00:00-04:00,LHX,L3Harris Technologies,224.00839558880074,228.69622638995764,201.36437552135985,223.48135375976562,17886800
2022-07-01 00:00:00-04:00,LHX,L3Harris Technologies,224.93141327551996,227.25374141050895,203.0457951992822,222.91563415527344,20015300
2022-08-01 00:00:00-04:00,LHX,L3Harris Technologies,223.41726580275164,230.86729892904103,211.49907531251375,211.97283935546875,21201600
2022-09-01 00:00:00-04:00,LHX,L3Harris Technologies,210.1521133142394,220.45397167845255,192.18658629017372,193.05978393554688,20074100
2022-10-01 00:00:00-04:00,LHX,L3Harris Technologies,196.4391438158462,238.13918419700244,196.03774004253665,230.0829620361328,26862800
2022-11-01 00:00:00-04:00,LHX,L3Harris Technologies,230.6990869047624,232.52876452420838,200.7053077510522,211.98214721679688,27304600
2022-12-01 00:00:00-05:00,LHX,L3Harris Technologies,214.25105413904234,216.484096714727,189.81882671878088,195.35455322265625,24202100
2023-01-01 00:00:00-05:00,LHX,L3Harris Technologies,194.77281685436668,201.55642700195312,178.01554198917157,201.55642700195312,33661100
2023-02-01 00:00:00-05:00,LHX,L3Harris Technologies,200.31793051113294,205.7692030507687,195.25134689466222,198.1505584716797,20985300
2023-03-01 00:00:00-05:00,LHX,L3Harris Technologies,196.43352594767302,203.12330429631587,178.13751073553783,184.12359619140625,26680100
2023-04-01 00:00:00-04:00,LHX,L3Harris Technologies,185.742449581511,194.7050320036044,182.96876387601006,184.1103057861328,16979800
2023-05-01 00:00:00-04:00,LHX,L3Harris Technologies,184.11028749726836,186.26130591324858,164.67564565518103,165.9681396484375,25621800
2023-06-01 00:00:00-04:00,LHX,L3Harris Technologies,165.14738533473118,186.73304884240918,164.8643535225261,184.69525146484375,20329300
2023-07-01 00:00:00-04:00,LHX,L3Harris Technologies,185.62453319918063,193.9144055624865,176.16669196260932,179.93653869628906,22068000
2023-08-01 00:00:00-04:00,LHX,L3Harris Technologies,180.10745843666905,180.47779533517456,167.2501072395506,169.1112823486328,22855700
2023-09-01 00:00:00-04:00,LHX,L3Harris Technologies,169.12079803474103,169.4341477850486,158.7133582908142,165.34144592285156,24378400
2023-10-01 00:00:00-04:00,LHX,L3Harris Technologies,165.98613385260992,173.5361801007804,153.15107710497887,171.46231079101562,33843500
2023-11-01 00:00:00-04:00,LHX,L3Harris Technologies,172.35109505777498,182.54842180739183,169.732483951355,182.35728454589844,23416300
2023-12-01 00:00:00-05:00,LHX,L3Harris Technologies,183.5308603410816,203.83878601759096,182.85777894833498,202.52145385742188,28881400
2024-01-01 00:00:00-05:00,LHX,L3Harris Technologies,202.40606001326742,204.93493852227328,193.30980021919183,200.40603637695312,26636700
2024-02-01 00:00:00-05:00,LHX,L3Harris Technologies,200.96373013441374,207.85803433100784,195.69444600749077,203.52145385742188,20021900
2024-03-01 00:00:00-05:00,LHX,L3Harris Technologies,203.09838060019297,209.94460477321093,200.97335085818014,204.90609741210938,22212800
2024-04-01 00:00:00-04:00,LHX,L3Harris Technologies,205.9081693178692,210.3648891720889,193.52408452450837,206.93292236328125,24857200
2024-05-01 00:00:00-04:00,LHX,L3Harris Technologies,207.26164484531253,218.38893809797773,202.9209296695719,217.35452270507812,17366100
2024-06-01 00:00:00-04:00,LHX,L3Harris Technologies,217.8378710329671,220.5447751235198,208.20903048624913,217.11280822753906,15000000
2024-07-01 00:00:00-04:00,LHX,L3Harris Technologies,219.2111671131729,238.65536971911925,215.4894632031575,220.4744110107422,20608700
2024-08-01 00:00:00-04:00,LHX,L3Harris Technologies,221.09630496249267,230.240229062778,218.00623053628476,229.9778594970703,15084900
2024-09-01 00:00:00-04:00,LHX,L3Harris Technologies,229.98756727741926,231.74639969880212,215.74210854186208,231.1439208984375,14330900
2024-10-01 00:00:00-04:00,LHX,L3Harris Technologies,231.9122037098738,252.8308986691758,230.2226971637001,241.67816162109375,16162500
2024-11-01 00:00:00-04:00,LHX,L3Harris Technologies,242.7524343480843,259.52056817896477,233.81657349881976,240.48672485351562,16987700
2024-12-01 00:00:00-05:00,LHX,L3Harris Technologies,241.6214489826869,241.6214489826869,204.43382891485527,206.32754516601562,21979100
2025-01-01 00:00:00-05:00,LHX,L3Harris Technologies,206.29812614709917,220.0840443489477,198.94890332630854,208.02503967285156,25087100
2025-02-01 00:00:00-05:00,LHX,L3Harris Technologies,207.15175742327034,210.07575575235268,189.46065274416313,202.23593139648438,27612500
2025-03-01 00:00:00-05:00,LHX,L3Harris Technologies,203.69794311071368,223.09633414639762,200.9505690954047,205.37579345703125,26610800
2025-04-01 00:00:00-04:00,LHX,L3Harris Technologies,206.6792464511087,221.18201132022048,193.0939964055945,217.06796264648438,36463600
2025-05-01 00:00:00-04:00,LHX,L3Harris Technologies,216.77199472761387,245.78740126030402,211.22740367926195,241.06166076660156,37487000
2025-06-01 00:00:00-04:00,LHX,L3Harris Technologies,241.5450690530737,254.3311887819356,234.3726078723583,247.47442626953125,27922500
2025-07-01 00:00:00-04:00,LHX,L3Harris Technologies,248.61255671936377,277.6429669178118,246.88738338193104,272.4773864746094,28456700
2025-08-01 00:00:00-04:00,LHX,L3Harris Technologies,272.65584774056475,278.12878331889675,264.97191021333066,275.2535095214844,23659900
2025-09-01 00:00:00-04:00,LHX,L3Harris Technologies,275.20395680651035,303.3321216111166,266.31041729086206,302.806640625,22042700
2025-10-01 00:00:00-04:00,LHX,L3Harris Technologies,302.5900517690687,306.84233470718436,281.0995190811457,287.9012145996094,26132200
2025-11-01 00:00:00-04:00,LHX,L3Harris Technologies,288.3991261067123,301.6838056820961,271.90779764133714,277.53436279296875,22336900
2025-12-01 00:00:00-05:00,LHX,L3Harris Technologies,276.1400146484375,299.8299865722656,272.1400146484375,293.57000732421875,21132300
2026-01-01 00:00:00-05:00,LHX,L3Harris Technologies,294.0,369.5899963378906,291.010009765625,342.8500061035156,38266700
2026-02-01 00:00:00-05:00,LHX,L3Harris Technologies,338.0,355.989990234375,335.6300048828125,344.7099914550781,5583576
2021-03-01 00:00:00-05:00,LDOS,Leidos Holdings,84.02613207553384,92.36409664528611,82.60211516978542,90.1999740600586,21776200
2021-04-01 00:00:00-04:00,LDOS,Leidos Holdings,90.99536403419735,97.0786469832102,90.0739436053468,95.22639465332031,18228900
2021-05-01 00:00:00-04:00,LDOS,Leidos Holdings,95.72471815607808,99.6454787820231,94.97253921326056,96.60853576660156,12896800
2021-06-01 00:00:00-04:00,LDOS,Leidos Holdings,97.39831221132312,101.17803655789872,94.61523541658782,95.05714416503906,13748400
2021-07-01 00:00:00-04:00,LDOS,Leidos Holdings,95.69059099624062,101.82158025386367,93.70981129072351,100.3784408569336,12037700
2021-08-01 00:00:00-04:00,LDOS,Leidos Holdings,100.81233951291631,102.65164086568808,87.42792136699146,92.54022216796875,18205400
2021-09-01 00:00:00-04:00,LDOS,Leidos Holdings,92.94580856391542,94.07768075381132,85.1547331614528,90.67262268066406,18417600
2021-10-01 00:00:00-04:00,LDOS,Leidos Holdings,91.71613120617421,97.20698438507914,89.52926038478336,94.6509017944336,12585200
2021-11-01 00:00:00-04:00,LDOS,Leidos Holdings,94.72664669666887,96.39283802798944,83.1295904269575,83.2242660522461,13873300
2021-12-01 00:00:00-05:00,LDOS,Leidos Holdings,84.10466932861513,86.70808952433441,78.33928043482571,84.1614761352539,19039900
2022-01-01 00:00:00-05:00,LDOS,Leidos Holdings,84.87149618042636,90.51755833014536,80.04287761641936,85.02357482910156,20657000
2022-02-01 00:00:00-05:00,LDOS,Leidos Holdings,84.96656331843029,97.16167653464228,77.05827619787499,96.80047607421875,25316400
2022-03-01 00:00:00-05:00,LDOS,Leidos Holdings,97.65595460779147,104.19550549846024,95.1370872328383,102.67467498779297,27057700
2022-04-01 00:00:00-04:00,LDOS,Leidos Holdings,102.74273283134768,105.99547722080082,98.40256972636891,98.7364273071289,15463000
2022-05-01 00:00:00-04:00,LDOS,Leidos Holdings,98.61240422700055,101.11157985851526,94.31993149715792,99.68075561523438,16843600
2022-06-01 00:00:00-04:00,LDOS,Leidos Holdings,100.01461867586491,102.36116969119216,87.49013906092365,96.06554412841797,16789800
2022-07-01 00:00:00-04:00,LDOS,Leidos Holdings,96.74980758241526,103.25021623006846,92.94912617054123,102.43647003173828,12626600
2022-08-01 00:00:00-04:00,LDOS,Leidos Holdings,102.43648868385444,102.43648868385444,90.68980296162637,90.99615478515625,14936400
2022-09-01 00:00:00-04:00,LDOS,Leidos Holdings,90.82382708603326,92.83426128833837,83.5192395021869,83.73943328857422,15911400
2022-10-01 00:00:00-04:00,LDOS,Leidos Holdings,84.9403029010908,98.88558480705088,84.58470776302221,97.63617706298828,12829800
2022-11-01 00:00:00-04:00,LDOS,Leidos Holdings,99.0489497029416,105.19025324593144,98.56840947370947,105.0749282836914,20001900
2022-12-01 00:00:00-05:00,LDOS,Leidos Holdings,105.45937608266978,106.59345146911087,99.13546405772765,101.0960693359375,15612700
2023-01-01 00:00:00-05:00,LDOS,Leidos Holdings,100.73485765375327,103.16499621299184,90.75394982161708,95.31526947021484,17674800
2023-02-01 00:00:00-05:00,LDOS,Leidos Holdings,95.11275736403037,98.62295089940383,90.04033928437275,93.60839080810547,18023500
2023-03-01 00:00:00-05:00,LDOS,Leidos Holdings,93.23228703091418,94.1194770710908,86.44334015480203,88.77703857421875,21888900
2023-04-01 00:00:00-04:00,LDOS,Leidos Holdings,89.2217538606206,90.90627702631441,85.93015135179361,90.28668212890625,12537500
2023-05-01 00:00:00-04:00,LDOS,Leidos Holdings,90.48028953889829,91.78724710376136,74.13846358269826,75.57127380371094,32265900
2023-06-01 00:00:00-04:00,LDOS,Leidos Holdings,75.81331522091695,86.07537152436889,75.42607394514084,85.6590805053711,18875000
2023-07-01 00:00:00-04:00,LDOS,Leidos Holdings,85.387198323021,92.05716227938224,85.18301666126023,90.93901824951172,15605900
2023-08-01 00:00:00-04:00,LDOS,Leidos Holdings,93.34059733674594,98.80491414299719,92.35857439187988,94.80876922607422,20481200
2023-09-01 00:00:00-04:00,LDOS,Leidos Holdings,95.72271042485313,97.5214671949944,88.08044952402855,89.60696411132812,12329600
2023-10-01 00:00:00-04:00,LDOS,Leidos Holdings,89.8110816070491,97.35552833209294,87.07829931460181,96.74065399169922,15343500
2023-11-01 00:00:00-04:00,LDOS,Leidos Holdings,97.62880611641069,104.82189397009554,95.9305764237389,104.74381256103516,15850000
2023-12-01 00:00:00-05:00,LDOS,Leidos Holdings,104.55837586222604,108.71611800684894,102.98702280265914,105.64173126220703,14081500
2024-01-01 00:00:00-05:00,LDOS,Leidos Holdings,105.7135250662403,111.158836609546,104.18569809001445,108.19133758544922,13803100
2024-02-01 00:00:00-05:00,LDOS,Leidos Holdings,108.38719576113155,125.42829298496171,106.72226483973432,125.22261810302734,21525100
2024-03-01 00:00:00-05:00,LDOS,Leidos Holdings,126.33910061023519,128.78753279260408,122.97005553624852,128.385986328125,15590700
2024-04-01 00:00:00-04:00,LDOS,Leidos Holdings,128.4930293889131,138.41413943637656,121.04729560785837,137.73635864257812,20933500
2024-05-01 00:00:00-04:00,LDOS,Leidos Holdings,137.23540169588605,148.63976087478326,136.14506190400374,144.4453887939453,22049000
2024-06-01 00:00:00-04:00,LDOS,Leidos Holdings,144.07211262722979,146.8421707024775,139.24907717731654,143.29611206054688,17159500
2024-07-01 00:00:00-04:00,LDOS,Leidos Holdings,144.36426327267066,153.10017741054094,140.52320759369306,142.2172088623047,19426100
2024-08-01 00:00:00-04:00,LDOS,Leidos Holdings,143.03468074013625,156.49804148746824,138.29739171311584,156.1139373779297,16430800
2024-09-01 00:00:00-04:00,LDOS,Leidos Holdings,155.92682245147466,160.801994631724,147.24013945222632,160.53607177734375,16633300
2024-10-01 00:00:00-04:00,LDOS,Leidos Holdings,160.77495888133424,185.97133403380454,159.5803117994632,180.8372802734375,16903900
2024-11-01 00:00:00-04:00,LDOS,Leidos Holdings,181.83446455428387,200.32693769367583,154.76219037987744,163.302490234375,35346100
2024-12-01 00:00:00-05:00,LDOS,Leidos Holdings,163.8948975947335,164.3490708071561,140.1400130405452,142.23312377929688,27294000
2025-01-01 00:00:00-05:00,LDOS,Leidos Holdings,143.8825423775372,160.66141098293448,136.16128869667946,140.59605407714844,26413700
2025-02-01 00:00:00-05:00,LDOS,Leidos Holdings,139.22007881148485,147.12941612156715,122.37191837133827,128.65780639648438,34033100
2025-03-01 00:00:00-05:00,LDOS,Leidos Holdings,130.0733684006864,141.55625985760273,126.10385913888761,133.57763671875,35085200
2025-04-01 00:00:00-04:00,LDOS,Leidos Holdings,133.98100054672048,147.00775348258287,127.40805291541804,146.13400268554688,33971300
2025-05-01 00:00:00-04:00,LDOS,Leidos Holdings,145.7269298098865,159.85579489278524,143.6021391049031,147.46449279785156,30583100
2025-06-01 00:00:00-04:00,LDOS,Leidos Holdings,146.332603435648,156.87712428301535,138.69725236769116,156.63882446289062,24396400
2025-07-01 00:00:00-04:00,LDOS,Leidos Holdings,156.78125008112977,165.23358504764101,156.3033841156812,158.94161987304688,17214400
2025-08-01 00:00:00-04:00,LDOS,Leidos Holdings,158.65291359164,182.91477801651178,155.61644353157814,180.11724853515625,18575700
2025-09-01 00:00:00-04:00,LDOS,Leidos Holdings,180.11724739283218,189.83393633232058,173.86511327164436,188.12158203125,18442900
2025-10-01 00:00:00-04:00,LDOS,Leidos Holdings,186.3866062892671,198.8283451593769,180.04102015761865,190.03831481933594,16631600
2025-11-01 00:00:00-04:00,LDOS,Leidos Holdings,189.5095259831941,205.3036509950736,183.43333189875383,190.66690063476562,16148300
2025-12-01 00:00:00-05:00,LDOS,Leidos Holdings,190.02834740847553,196.11451321005333,179.5920472948044,179.9911346435547,17587400
2026-01-01 00:00:00-05:00,LDOS,Leidos Holdings,179.60000610351562,205.0,178.80999755859375,188.27999877929688,18739300
2026-02-01 00:00:00-05:00,LDOS,Leidos Holdings,187.5399932861328,191.0,185.8300018310547,187.26499938964844,2878417
2021-03-01 00:00:00-05:00,HII,Huntington Ingalls,160.05595999179226,187.3790740799342,159.3818698707256,185.01527404785156,8598400
2021-04-01 00:00:00-04:00,HII,Huntington Ingalls,185.1500748422305,192.7268407395138,182.0312836494353,190.83041381835938,6495100
2021-05-01 00:00:00-04:00,HII,Huntington Ingalls,191.6303454511647,201.13949801374974,187.36110802219824,194.3267059326172,5416300
2021-06-01 00:00:00-04:00,HII,Huntington Ingalls,197.79513726339036,202.53015306434668,186.01183391862227,190.43960571289062,5004800
2021-07-01 00:00:00-04:00,HII,Huntington Ingalls,191.6414333340782,192.9697676348427,175.05985354812458,185.36122131347656,4040600
2021-08-01 00:00:00-04:00,HII,Huntington Ingalls,185.94855490219547,189.41848285484508,179.37917597024796,184.49371337890625,4064300
2021-09-01 00:00:00-04:00,HII,Huntington Ingalls,185.4557272441773,186.94591475222177,171.7350877068188,175.42420959472656,4355600
2021-10-01 00:00:00-04:00,HII,Huntington Ingalls,176.33285665312812,195.24188665733342,173.07988356421166,184.2108612060547,5402900
2021-11-01 00:00:00-04:00,HII,Huntington Ingalls,184.44710402307157,186.28256938416172,159.46827863472905,161.29466247558594,5917800
2021-12-01 00:00:00-05:00,HII,Huntington Ingalls,164.58362112772696,177.07369261288235,161.38338405024336,170.74636840820312,6081100
2022-01-01 00:00:00-05:00,HII,Huntington Ingalls,170.79208863535072,181.874062835244,167.87531261296175,171.16697692871094,6468800
2022-02-01 00:00:00-05:00,HII,Huntington Ingalls,170.36231824527437,188.84139113417262,162.0234064322843,186.89381408691406,9116000
2022-03-01 00:00:00-05:00,HII,Huntington Ingalls,188.24377881960953,210.4009324909845,174.6071860154455,183.51422119140625,12760000
2022-04-01 00:00:00-04:00,HII,Huntington Ingalls,183.68904785565377,209.79362764467322,181.80274269376378,195.75218200683594,7952400
2022-05-01 00:00:00-04:00,HII,Huntington Ingalls,194.49157466193108,207.01478283246425,178.8398705740773,193.6542510986328,7653500
2022-06-01 00:00:00-04:00,HII,Huntington Ingalls,196.6294119374447,206.16150367456135,182.4238174722042,201.58055114746094,8121500
2022-07-01 00:00:00-04:00,HII,Huntington Ingalls,202.00624302529016,205.53218812814512,186.17186992291425,200.67359924316406,5369600
2022-08-01 00:00:00-04:00,HII,Huntington Ingalls,200.89568476658218,225.30893840752745,196.5275814436873,213.09304809570312,7355300
2022-09-01 00:00:00-04:00,HII,Huntington Ingalls,213.20960164985055,225.5139075120003,204.15109481772464,206.00186157226562,8717300
2022-10-01 00:00:00-04:00,HII,Huntington Ingalls,208.55945883741884,241.64066944335903,205.05323787474677,239.0830841064453,7384700
2022-11-01 00:00:00-04:00,HII,Huntington Ingalls,239.55735413010643,241.82663186675347,204.2161930300962,215.72998046875,10444100
2022-12-01 00:00:00-05:00,HII,Huntington Ingalls,217.86035563484617,226.0234524589636,210.54815538352943,215.70034790039062,7112900
2023-01-01 00:00:00-05:00,HII,Huntington Ingalls,214.76530314095987,217.5704926653795,197.99028176999312,206.2188262939453,7241900
2023-02-01 00:00:00-05:00,HII,Huntington Ingalls,205.19027436792814,212.06298044363052,198.17730024908954,201.22560119628906,9853100
2023-03-01 00:00:00-05:00,HII,Huntington Ingalls,201.44078716787786,206.5562682982465,184.07260696206743,194.67030334472656,9238100
2023-04-01 00:00:00-04:00,HII,Huntington Ingalls,195.03700514613016,201.233876690282,187.53303997412152,189.63002014160156,5342300
2023-05-01 00:00:00-04:00,HII,Huntington Ingalls,189.9873620009814,192.82720888290035,177.26449097853646,189.3667449951172,8849000
2023-06-01 00:00:00-04:00,HII,Huntington Ingalls,191.45382831259283,215.94969858018837,189.5236704972484,215.3441619873047,6661600
2023-07-01 00:00:00-04:00,HII,Huntington Ingalls,213.7925184385531,222.9228797270379,211.51228858787448,217.302734375,4883100
2023-08-01 00:00:00-04:00,HII,Huntington Ingalls,217.23649633105387,222.7904037301821,204.88921033492332,208.45620727539062,5476200
2023-09-01 00:00:00-04:00,HII,Huntington Ingalls,210.93064127288932,211.33028808172338,189.89277794365265,194.6598358154297,5148400
2023-10-01 00:00:00-04:00,HII,Huntington Ingalls,194.43146413993088,215.1077777719534,189.45507310060873,209.1608428955078,6054400
2023-11-01 00:00:00-04:00,HII,Huntington Ingalls,210.99725401994922,228.80000504281637,207.92388207403303,225.5268096923828,5830500
2023-12-01 00:00:00-05:00,HII,Huntington Ingalls,226.78748982884017,248.7439215203216,225.4767907771327,248.39952087402344,5697500
2024-01-01 00:00:00-05:00,HII,Huntington Ingalls,247.86372558264463,251.6140312136866,237.88527500210265,247.71067810058594,5733000
2024-02-01 00:00:00-05:00,HII,Huntington Ingalls,252.57074255604238,280.1813028984691,243.1854457081371,278.9949951171875,5840000
2024-03-01 00:00:00-05:00,HII,Huntington Ingalls,279.4234039365341,287.83253475147706,273.60910236169036,280.1153564453125,6115800
2024-04-01 00:00:00-04:00,HII,Huntington Ingalls,280.59585577335446,280.59585577335446,258.09782520938035,266.1417541503906,7230300
2024-05-01 00:00:00-04:00,HII,Huntington Ingalls,267.45837378979735,268.3329268271176,232.75510974622514,243.24009704589844,7685300
2024-06-01 00:00:00-04:00,HII,Huntington Ingalls,246.51470738852854,247.01705359413157,226.62389671351235,237.96524047851562,5568100
2024-07-01 00:00:00-04:00,HII,Huntington Ingalls,239.53990961399276,273.245132528722,232.82590231115577,270.47259521484375,5892400
2024-08-01 00:00:00-04:00,HII,Huntington Ingalls,273.5832368262286,276.1045934991496,244.11892701663422,273.1678161621094,5856100
2024-09-01 00:00:00-04:00,HII,Huntington Ingalls,274.0117329143142,274.61343985864545,246.0418523771819,256.5815124511719,8603700
2024-10-01 00:00:00-04:00,HII,Huntington Ingalls,256.3971471312903,259.64833756195134,178.85396149269056,179.50421142578125,8314300
2024-11-01 00:00:00-04:00,HII,Huntington Ingalls,179.6594991300732,203.35917909718162,179.55274321455335,192.08193969726562,12825300
2024-12-01 00:00:00-05:00,HII,Huntington Ingalls,193.48915712740907,201.40381406847973,182.09594314898777,184.64622497558594,13511400
2025-01-01 00:00:00-05:00,HII,Huntington Ingalls,185.4963279552787,204.452451691169,181.98847317810973,192.74655151367188,8985200
2025-02-01 00:00:00-05:00,HII,Huntington Ingalls,190.58710363909847,193.37188442349174,155.24470383497473,171.56259155273438,19415100
2025-03-01 00:00:00-05:00,HII,Huntington Ingalls,175.90539591203682,208.0278445426682,165.1421012778928,200.9278106689453,17731800
2025-04-01 00:00:00-04:00,HII,Huntington Ingalls,201.30201524267866,228.8060115900729,174.71384157945235,226.82666015625,16317600
2025-05-01 00:00:00-04:00,HII,Huntington Ingalls,234.2319931324031,234.36985715321586,216.3588356666435,219.65773010253906,10881100
2025-06-01 00:00:00-04:00,HII,Huntington Ingalls,220.83297107949906,239.7954791432668,213.0557757064346,239.2208709716797,10242400
2025-07-01 00:00:00-04:00,HII,Huntington Ingalls,237.45735469230888,290.42162283041614,237.32857050839158,276.2740173339844,10707200
2025-08-01 00:00:00-04:00,HII,Huntington Ingalls,274.302474169307,276.2740104660833,256.5981943250312,268.27886962890625,8759600
2025-09-01 00:00:00-04:00,HII,Huntington Ingalls,268.4561318336923,286.84500818984964,262.84088026215164,286.6459045410156,10004500
2025-10-01 00:00:00-04:00,HII,Huntington Ingalls,283.2907178634282,328.5511143863348,275.7937800141381,320.60614013671875,10427700
2025-11-01 00:00:00-04:00,HII,Huntington Ingalls,320.9944265045356,326.5399780890251,294.570944833567,312.2430114746094,8356900
2025-12-01 00:00:00-05:00,HII,Huntington Ingalls,312.4599914550781,360.20001220703125,300.20001220703125,340.07000732421875,10275600
2026-01-01 00:00:00-05:00,HII,Huntington Ingalls,340.07000732421875,436.1400146484375,336.0,420.510009765625,12578400
2026-02-01 00:00:00-05:00,HII,Huntington Ingalls,417.7799987792969,432.9100036621094,351.625,366.05010986328125,3058268
2021-03-01 00:00:00-05:00,KTOS,Kratos Defense,27.739999771118164,29.600000381469727,22.309999465942383,27.280000686645508,38795300
2021-04-01 00:00:00-04:00,KTOS,Kratos Defense,28.0,29.5,25.520000457763672,26.739999771118164,20333200
2021-05-01 00:00:00-04:00,KTOS,Kratos Defense,26.84000015258789,27.34000015258789,23.280000686645508,25.010000228881836,18922200
2021-06-01 00:00:00-04:00,KTOS,Kratos Defense,25.1299991607666,30.290000915527344,24.739999771118164,28.489999771118164,30664700
2021-07-01 00:00:00-04:00,KTOS,Kratos Defense,28.6299991607666,29.079999923706055,24.940000534057617,27.200000762939453,15957700
2021-08-01 00:00:00-04:00,KTOS,Kratos Defense,27.25,27.639999389648438,21.219999313354492,24.719999313354492,27377800
2021-09-01 00:00:00-04:00,KTOS,Kratos Defense,24.829999923706055,24.920000076293945,21.920000076293945,22.309999465942383,18080000
2021-10-01 00:00:00-04:00,KTOS,Kratos Defense,22.549999237060547,23.280000686645508,21.1200008392334,21.389999389648438,13449300
2021-11-01 00:00:00-04:00,KTOS,Kratos Defense,21.530000686645508,23.510000228881836,19.34000015258789,19.709999084472656,19433900
2021-12-01 00:00:00-05:00,KTOS,Kratos Defense,20.18000030517578,21.059999465942383,18.829999923706055,19.399999618530273,19157400
2022-01-01 00:00:00-05:00,KTOS,Kratos Defense,19.43000030517578,20.0,15.710000038146973,16.760000228881836,22364300
2022-02-01 00:00:00-05:00,KTOS,Kratos Defense,16.940000534057617,21.059999465942383,14.930000305175781,20.920000076293945,22887600
2022-03-01 00:00:00-05:00,KTOS,Kratos Defense,21.059999465942383,21.950000762939453,17.760000228881836,20.479999542236328,34378000
2022-04-01 00:00:00-04:00,KTOS,Kratos Defense,20.479999542236328,22.260000228881836,15.069999694824219,15.170000076293945,16969800
2022-05-01 00:00:00-04:00,KTOS,Kratos Defense,15.180000305175781,16.3799991607666,12.539999961853027,14.420000076293945,25265200
2022-06-01 00:00:00-04:00,KTOS,Kratos Defense,14.449999809265137,15.319999694824219,13.260000228881836,13.880000114440918,16902700
2022-07-01 00:00:00-04:00,KTOS,Kratos Defense,13.75,14.800000190734863,12.319999694824219,14.390000343322754,15416900
2022-08-01 00:00:00-04:00,KTOS,Kratos Defense,14.380000114440918,16.229999542236328,12.529999732971191,12.539999961853027,17869200
2022-09-01 00:00:00-04:00,KTOS,Kratos Defense,12.420000076293945,12.800000190734863,10.130000114440918,10.15999984741211,17404100
2022-10-01 00:00:00-04:00,KTOS,Kratos Defense,10.289999961853027,11.210000038146973,9.0600004196167,11.079999923706055,17684000
2022-11-01 00:00:00-04:00,KTOS,Kratos Defense,11.289999961853027,11.420000076293945,9.0,9.520000457763672,18918600
2022-12-01 00:00:00-05:00,KTOS,Kratos Defense,9.5600004196167,10.359999656677246,8.899999618530273,10.319999694824219,19501900
2023-01-01 00:00:00-05:00,KTOS,Kratos Defense,10.289999961853027,11.449999809265137,9.869999885559082,11.449999809265137,13103500
2023-02-01 00:00:00-05:00,KTOS,Kratos Defense,11.479999542236328,13.65999984741211,11.0,12.649999618530273,14178400
2023-03-01 00:00:00-05:00,KTOS,Kratos Defense,12.609999656677246,13.630000114440918,12.3100004196167,13.479999542236328,21559800
2023-04-01 00:00:00-04:00,KTOS,Kratos Defense,13.4399995803833,13.630000114440918,12.489999771118164,12.899999618530273,11317900
2023-05-01 00:00:00-04:00,KTOS,Kratos Defense,12.90999984741211,14.289999961853027,12.119999885559082,13.140000343322754,17597500
2023-06-01 00:00:00-04:00,KTOS,Kratos Defense,13.130000114440918,15.649999618530273,13.119999885559082,14.34000015258789,18278700
2023-07-01 00:00:00-04:00,KTOS,Kratos Defense,14.170000076293945,15.270000457763672,13.130000114440918,15.09000015258789,17340400
2023-08-01 00:00:00-04:00,KTOS,Kratos Defense,15.0,17.309999465942383,14.34000015258789,16.09000015258789,23837800
2023-09-01 00:00:00-04:00,KTOS,Kratos Defense,16.239999771118164,16.6299991607666,13.979999542236328,15.020000457763672,13954400
2023-10-01 00:00:00-04:00,KTOS,Kratos Defense,14.979999542236328,18.040000915527344,14.329999923706055,17.049999237060547,27750000
2023-11-01 00:00:00-04:00,KTOS,Kratos Defense,17.170000076293945,19.719999313354492,16.360000610351562,19.049999237060547,24584000
2023-12-01 00:00:00-05:00,KTOS,Kratos Defense,19.06999969482422,21.420000076293945,18.760000228881836,20.290000915527344,21105300
2024-01-01 00:00:00-05:00,KTOS,Kratos Defense,20.290000915527344,20.43000030517578,16.93000030517578,16.93000030517578,17658900
2024-02-01 00:00:00-05:00,KTOS,Kratos Defense,17.079999923706055,21.600000381469727,16.709999084472656,18.239999771118164,43231900
2024-03-01 00:00:00-05:00,KTOS,Kratos Defense,18.299999237060547,18.799999237060547,16.780000686645508,18.3799991607666,22789800
2024-04-01 00:00:00-04:00,KTOS,Kratos Defense,18.559999465942383,19.229999542236328,17.049999237060547,17.81999969482422,25968700
2024-05-01 00:00:00-04:00,KTOS,Kratos Defense,17.81999969482422,22.780000686645508,17.760000228881836,21.739999771118164,24627200
2024-06-01 00:00:00-04:00,KTOS,Kratos Defense,21.90999984741211,22.079999923706055,19.229999542236328,20.010000228881836,21910800
2024-07-01 00:00:00-04:00,KTOS,Kratos Defense,19.979999542236328,22.959999084472656,19.540000915527344,22.540000915527344,17828900
2024-08-01 00:00:00-04:00,KTOS,Kratos Defense,22.540000915527344,23.229999542236328,17.90999984741211,22.940000534057617,21304100
2024-09-01 00:00:00-04:00,KTOS,Kratos Defense,22.690000534057617,24.079999923706055,20.829999923706055,23.299999237060547,20793400
2024-10-01 00:00:00-04:00,KTOS,Kratos Defense,23.309999465942383,25.90999984741211,22.690000534057617,22.719999313354492,20323000
2024-11-01 00:00:00-04:00,KTOS,Kratos Defense,22.81999969482422,28.6200008392334,22.739999771118164,27.09000015258789,24906900
2024-12-01 00:00:00-05:00,KTOS,Kratos Defense,27.18000030517578,28.709999084472656,25.040000915527344,26.3799991607666,23724700
2025-01-01 00:00:00-05:00,KTOS,Kratos Defense,26.3700008392334,35.65999984741211,26.149999618530273,33.369998931884766,47313300
2025-02-01 00:00:00-05:00,KTOS,Kratos Defense,32.5,34.779998779296875,23.899999618530273,26.389999389648438,44111200
2025-03-01 00:00:00-05:00,KTOS,Kratos Defense,26.770000457763672,33.5,25.31999969482422,29.690000534057617,94638700
2025-04-01 00:00:00-04:00,KTOS,Kratos Defense,29.68000030517578,34.529998779296875,25.780000686645508,33.779998779296875,43850300
2025-05-01 00:00:00-04:00,KTOS,Kratos Defense,34.38999938964844,39.15999984741211,32.849998474121094,36.88999938964844,40477900
2025-06-01 00:00:00-04:00,KTOS,Kratos Defense,37.70000076293945,47.09000015258789,37.29999923706055,46.45000076293945,92106300
2025-07-01 00:00:00-04:00,KTOS,Kratos Defense,46.279998779296875,61.43000030517578,41.869998931884766,58.70000076293945,107364300
2025-08-01 00:00:00-04:00,KTOS,Kratos Defense,56.36000061035156,72.69999694824219,54.5,65.83999633789062,79298300
2025-09-01 00:00:00-04:00,KTOS,Kratos Defense,64.41000366210938,91.87000274658203,61.400001525878906,91.37000274658203,108085600
2025-10-01 00:00:00-04:00,KTOS,Kratos Defense,90.5,112.56999969482422,80.80999755859375,90.5999984741211,92718200
2025-11-01 00:00:00-04:00,KTOS,Kratos Defense,90.83000183105469,91.72000122070312,64.80000305175781,76.0999984741211,60477300
2025-12-01 00:00:00-05:00,KTOS,Kratos Defense,76.5999984741211,83.41000366210938,69.30999755859375,75.91000366210938,45336900
2026-01-01 00:00:00-05:00,KTOS,Kratos Defense,76.55000305175781,134.0,74.33000183105469,103.01000213623047,88431000
2026-02-01 00:00:00-05:00,KTOS,Kratos Defense,99.91000366210938,103.48999786376953,86.33999633789062,86.54000091552734,14082193
2021-03-01 00:00:00-05:00,PLTR,Palantir Technologies,25.190000534057617,27.469999313354492,20.18000030517578,23.290000915527344,1805085500
2021-04-01 00:00:00-04:00,PLTR,Palantir Technologies,23.950000762939453,26.200000762939453,21.239999771118164,23.040000915527344,1012475100
2021-05-01 00:00:00-04:00,PLTR,Palantir Technologies,23.010000228881836,24.75,17.05500030517578,22.950000762939453,1460052600
2021-06-01 00:00:00-04:00,PLTR,Palantir Technologies,23.190000534057617,27.5,22.360000610351562,26.360000610351562,1178021600
2021-07-01 00:00:00-04:00,PLTR,Palantir Technologies,26.100000381469727,26.1299991607666,20.549999237060547,21.709999084472656,579358800
2021-08-01 00:00:00-04:00,PLTR,Palantir Technologies,21.90999984741211,26.600000381469727,21.479999542236328,26.34000015258789,1091002700
2021-09-01 00:00:00-04:00,PLTR,Palantir Technologies,26.459999084472656,29.290000915527344,23.8799991607666,24.040000915527344,1178728900
2021-10-01 00:00:00-04:00,PLTR,Palantir Technologies,24.209999084472656,26.75,23.020000457763672,25.8799991607666,750518600
2021-11-01 00:00:00-04:00,PLTR,Palantir Technologies,26.110000610351562,27.110000610351562,20.049999237060547,20.649999618530273,885986000
2021-12-01 00:00:00-05:00,PLTR,Palantir Technologies,20.530000686645508,20.889999389648438,17.809999465942383,18.209999084472656,781294500
2022-01-01 00:00:00-05:00,PLTR,Palantir Technologies,18.360000610351562,18.84000015258789,11.75,13.710000038146973,1057405800
2022-02-01 00:00:00-05:00,PLTR,Palantir Technologies,14.229999542236328,14.369999885559082,9.739999771118164,11.850000381469727,1301730900
2022-03-01 00:00:00-05:00,PLTR,Palantir Technologies,11.989999771118164,14.359999656677246,10.270000457763672,13.729999542236328,1015571800
2022-04-01 00:00:00-04:00,PLTR,Palantir Technologies,13.770000457763672,14.859999656677246,10.359999656677246,10.399999618530273,645660400
2022-05-01 00:00:00-04:00,PLTR,Palantir Technologies,10.380000114440918,11.010000228881836,6.440000057220459,8.680000305175781,1127366900
2022-06-01 00:00:00-04:00,PLTR,Palantir Technologies,8.720000267028809,10.199999809265137,7.5,9.069999694824219,826595600
2022-07-01 00:00:00-04:00,PLTR,Palantir Technologies,9.109999656677246,10.760000228881836,8.649999618530273,10.350000381469727,711722800
2022-08-01 00:00:00-04:00,PLTR,Palantir Technologies,10.25,11.619999885559082,7.679999828338623,7.71999979019165,905373100
2022-09-01 00:00:00-04:00,PLTR,Palantir Technologies,7.610000133514404,8.5,7.130000114440918,8.130000114440918,757743600
2022-10-01 00:00:00-04:00,PLTR,Palantir Technologies,8.145000457763672,9.050000190734863,7.53000020980835,8.789999961853027,664673300
2022-11-01 00:00:00-04:00,PLTR,Palantir Technologies,8.989999771118164,9.0600004196167,6.889999866485596,7.5,813268600
2022-12-01 00:00:00-05:00,PLTR,Palantir Technologies,7.510000228881836,7.96999979019165,5.920000076293945,6.420000076293945,627320000
2023-01-01 00:00:00-05:00,PLTR,Palantir Technologies,6.579999923706055,7.820000171661377,6.090000152587891,7.78000020980835,606538900
2023-02-01 00:00:00-05:00,PLTR,Palantir Technologies,7.730000019073486,10.3100004196167,7.449999809265137,7.840000152587891,1277113800
2023-03-01 00:00:00-05:00,PLTR,Palantir Technologies,7.829999923706055,8.619999885559082,7.190000057220459,8.449999809265137,663922700
2023-04-01 00:00:00-04:00,PLTR,Palantir Technologies,8.369999885559082,9.039999961853027,7.619999885559082,7.75,502721600
2023-05-01 00:00:00-04:00,PLTR,Palantir Technologies,7.75,15.005000114440918,7.28000020980835,14.710000038146973,2091732800
2023-06-01 00:00:00-04:00,PLTR,Palantir Technologies,14.460000038146973,17.15999984741211,13.5600004196167,15.329999923706055,1899321700
2023-07-01 00:00:00-04:00,PLTR,Palantir Technologies,15.489999771118164,19.9950008392334,14.619999885559082,19.84000015258789,1222967600
2023-08-01 00:00:00-04:00,PLTR,Palantir Technologies,19.459999084472656,20.239999771118164,13.680000305175781,14.979999542236328,1698646700
2023-09-01 00:00:00-04:00,PLTR,Palantir Technologies,15.15999984741211,16.809999465942383,13.680000305175781,16.0,945499200
2023-10-01 00:00:00-04:00,PLTR,Palantir Technologies,16.030000686645508,18.440000534057617,14.550000190734863,14.800000190734863,1207993700
2023-11-01 00:00:00-04:00,PLTR,Palantir Technologies,14.800000190734863,21.850000381469727,14.479999542236328,20.049999237060547,1547018300
2023-12-01 00:00:00-05:00,PLTR,Palantir Technologies,19.93000030517578,20.290000915527344,17.049999237060547,17.170000076293945,1110800400
2024-01-01 00:00:00-05:00,PLTR,Palantir Technologies,16.950000762939453,18.350000381469727,15.663999557495117,16.09000015258789,880434500
2024-02-01 00:00:00-05:00,PLTR,Palantir Technologies,16.209999084472656,25.524999618530273,16.030000686645508,25.079999923706055,2234544000
2024-03-01 00:00:00-05:00,PLTR,Palantir Technologies,25.299999237060547,27.5,22.920000076293945,23.010000228881836,1265831000
2024-04-01 00:00:00-04:00,PLTR,Palantir Technologies,22.979999542236328,24.100000381469727,20.329999923706055,21.969999313354492,758276000
2024-05-01 00:00:00-04:00,PLTR,Palantir Technologies,21.93000030517578,25.354999542236328,20.5,21.68000030517578,1122061900
2024-06-01 00:00:00-04:00,PLTR,Palantir Technologies,21.700000762939453,26.56999969482422,21.0049991607666,25.329999923706055,777321500
2024-07-01 00:00:00-04:00,PLTR,Palantir Technologies,25.479999542236328,29.829999923706055,25.142000198364258,26.889999389648438,936510300
2024-08-01 00:00:00-04:00,PLTR,Palantir Technologies,27.020000457763672,33.125,21.229999542236328,31.479999542236328,1203111000
2024-09-01 00:00:00-04:00,PLTR,Palantir Technologies,31.350000381469727,38.189998626708984,29.309999465942383,37.20000076293945,1602639400
2024-10-01 00:00:00-04:00,PLTR,Palantir Technologies,37.209999084472656,45.13999938964844,36.04999923706055,41.560001373291016,1069695200
2024-11-01 00:00:00-04:00,PLTR,Palantir Technologies,41.93000030517578,67.87999725341797,41.03200149536133,67.08000183105469,1707209700
2024-12-01 00:00:00-05:00,PLTR,Palantir Technologies,67.44000244140625,84.7969970703125,65.95999908447266,75.62999725341797,1986227500
2025-01-01 00:00:00-05:00,PLTR,Palantir Technologies,76.19999694824219,85.22000122070312,63.400001525878906,82.48999786376953,1374072700
2025-02-01 00:00:00-05:00,PLTR,Palantir Technologies,80.125,125.41000366210938,78.47000122070312,84.91999816894531,2356232800
2025-03-01 00:00:00-05:00,PLTR,Palantir Technologies,88.55000305175781,98.16999816894531,74.56999969482422,84.4000015258789,2206072600
2025-04-01 00:00:00-04:00,PLTR,Palantir Technologies,83.88999938964844,118.77999877929688,66.12000274658203,118.44000244140625,2370585800
2025-05-01 00:00:00-04:00,PLTR,Palantir Technologies,120.04000091552734,133.49000549316406,105.31999969482422,131.77999877929688,2054836700
2025-06-01 00:00:00-04:00,PLTR,Palantir Technologies,131.43499755859375,148.21499633789062,118.93000030517578,136.32000732421875,1747722800
2025-07-01 00:00:00-04:00,PLTR,Palantir Technologies,135.27000427246094,160.88999938964844,128.50999450683594,158.35000610351562,1246052200
2025-08-01 00:00:00-04:00,PLTR,Palantir Technologies,155.0500030517578,190.0,142.33999633789062,156.7100067138672,1747609500
2025-09-01 00:00:00-04:00,PLTR,Palantir Technologies,151.1999969482422,185.75,148.0399932861328,182.4199981689453,1215745900
2025-10-01 00:00:00-04:00,PLTR,Palantir Technologies,181.32000732421875,204.17999267578125,169.4199981689453,200.47000122070312,1088109200
2025-11-01 00:00:00-04:00,PLTR,Palantir Technologies,205.0449981689453,207.52000427246094,147.55999755859375,168.4499969482422,1195852500
2025-12-01 00:00:00-05:00,PLTR,Palantir Technologies,165.0,198.8800048828125,163.1199951171875,177.75,758766000
2026-01-01 00:00:00-05:00,PLTR,Palantir Technologies,181.3000030517578,187.27999877929688,145.13900756835938,146.58999633789062,790573700
2026-02-01 00:00:00-05:00,PLTR,Palantir Technologies,150.94000244140625,165.0780029296875,128.32000732421875,130.09500122070312,370123144
